Name,College,Level,Years
R,WAR,FR,1
T,WAR,JR,3
D,WAR,FR,1
M,MUI,FR,1
J,ERC,JR,3
S,WAR,JR,3
A,WAR,JR,3
A,SIX,FR,1
Y,ERC,JR,3
M,THU,FR,1
D,ERC,FR,1
L,MUI,SO,2
Y,WAR,FR,1
E,ERC,SO,2
R,WAR,FR,1
G,THU,JR,3
C,THU,JR,3
Y,WAR,FR,1
L,REV,SO,2
B,ERC,JR,3
S,REV,SO,2
T,WAR,SO,2
R,ERC,FR,1
J,WAR,FR,1
L,MUI,SO,2
S,ERC,SO,2
N,SIX,SR,4
M,SIX,FR,1
B,WAR,JR,3
T,SIX,FR,1
D,THU,SR,4
W,SIX,SR,5
N,WAR,SO,2
S,SIX,FR,1
M,SIX,SO,2
S,THU,FR,1
Z,WAR,FR,1
Y,WAR,FR,1
C,WAR,SO,2
E,SEV,SO,2
B,SEV,SO,2
E,MUI,FR,1
A,SIX,FR,1
S,SIX,JR,3
S,MUI,FR,1
D,THU,FR,1
M,WAR,SO,2
J,ERC,JR,3
J,SIX,JR,3
S,ERC,JR,3
K,THU,JR,3
J,ERC,SR,4
E,WAR,FR,1
A,WAR,FR,1
T,WAR,SO,2
M,WAR,SO,2
Y,WAR,JR,3
M,REV,JR,3
W,WAR,SO,2
N,WAR,JR,3
M,MUI,FR,1
J,WAR,FR,1
O,WAR,FR,1
A,MUI,SO,2
S,MUI,FR,1
V,ERC,SO,2
A,MUI,SO,2
D,SEV,FR,1
M,ERC,SO,2
A,MUI,SO,2
R,SEV,SO,2
M,SIX,SO,2
Q,MUI,FR,1
S,MUI,FR,1
A,MUI,FR,1
N,WAR,SO,2
V,WAR,SO,2
Z,MUI,JR,3
M,ERC,FR,1
C,SIX,SO,2
A,ERC,FR,1
M,SEV,FR,1
C,SEV,SO,2
R,SIX,FR,1
D,SEV,SO,2
A,SIX,JR,3
L,ERC,JR,3
N,MUI,FR,1
T,THU,SO,2
A,SEV,FR,1
T,ERC,FR,1
N,REV,FR,1
A,WAR,JR,3
H,THU,SO,2
A,SIX,FR,1
J,SIX,FR,1
Y,WAR,SO,2
S,THU,FR,1
S,REV,SO,2
B,WAR,JR,3
D,MUI,SO,2
A,SIX,SO,2
X,THU,FR,1
K,WAR,SO,2
K,SEV,SO,2
S,ERC,FR,1
W,SIX,SO,2
O,WAR,FR,1
T,MUI,JR,3
E,REV,SO,2
X,THU,JR,3
K,WAR,SO,2
J,ERC,JR,3
E,SIX,SO,2
V,MUI,FR,1
J,SIX,SO,2
J,ERC,SO,2
E,SIX,FR,1
T,SIX,SO,2
D,THU,FR,1
M,MUI,FR,1
M,WAR,SO,2
Y,REV,JR,3
V,WAR,FR,1
K,SIX,SO,2
D,SIX,SO,2
L,WAR,JR,3
B,MUI,FR,1
S,THU,JR,3
Y,WAR,SO,2
M,WAR,SO,2
E,REV,FR,1
G,SIX,FR,1
E,MUI,FR,1
K,MUI,FR,1
D,THU,JR,3
T,MUI,JR,3
V,ERC,FR,1
H,SIX,SO,2
J,REV,FR,1
K,WAR,JR,3
J,REV,FR,1
M,WAR,FR,1
M,WAR,JR,3
V,WAR,JR,3
A,MUI,FR,1
X,WAR,FR,1
N,SEV,FR,1
Y,WAR,FR,1
M,SIX,SO,2
A,SEV,FR,1
V,MUI,JR,3
J,WAR,JR,3
J,ERC,FR,1
T,WAR,JR,3
T,ERC,SO,2
A,WAR,SO,2
A,MUI,SO,2
L,THU,SO,2
E,WAR,SO,2
A,SIX,FR,1
J,WAR,FR,1
A,ERC,FR,1
T,ERC,JR,3
K,REV,SO,2
E,WAR,FR,1
